Techniques - Click for List View,Episode
Japanese Necktie,MTS01
Arm Triangle,MTS02
Duda,MTS02
Invisible Crackhead,MTS02
Dan Severn,MTS03
Electric Chair,MTS03
Five O Sweep,MTS04
Free New York,MTS04
Butterfly Sweep,MTS05
DeSouza Control,MTS05
Double Under Pass,MTS05
Hail Mary Heel Hook; Failed Hip Bump Sweep,MTS05
Hip Bump Sweep,MTS05
Back,MTS06
Dipset,MTS06
Free New York,MTS06
Half and Half,MTS06
Invisible Collar,MTS06
Jellyfish,MTS06
50/50 Guard Entry,MTS07
Arm Drag,MTS07
Back,MTS07
Baseball Choke,MTS07
Calf Crank,MTS07
Deep Half Clinch,MTS07
Granby Roll,MTS07
Homer Simpson Sweep,MTS07
10 Finger Guillotine (Feat. Denny Prokopos),MTS08
Carni,MTS08
Failed Capoeira Pass,MTS08
Failed Hip Bump Sweep,MTS08
Gator Roll,MTS08
DeSouza Control,MTS09
Claw,MTS10
Coracao Pass,MTS10
Dog Fight,MTS10
Ham Sandwich,MTS10
Jailbreak,MTS10
Adlai Cleveland 10p Ann Arbor,MTS100
Alex Canders 10p Walnut Creek,MTS100
Brent Alvarez & Nathan Wallner 10p Eugene,MTS100
Casey Halstead 10p Las Vegas/Costa Mesa/Orange,MTS100
Chris Herzog 10p Rochester,MTS100
Denny Prokopos 10p San Fransisco,MTS100
Eddie Bravo Intro,MTS100
Erik ‘Compella’ Cruz 10p HQ,MTS100
Frank Barca 10p Melbourne,MTS100
Geo ‘Freakahzoid’ Martinez 10p Oceanside,MTS100
Jeremy Fields 10p Corona,MTS100
John Botello 10p Arizona,MTS100
Kevin Berbich 10p Oceanside,MTS100
COP Sweep,MTS101
COP Sweep,MTS101
COP Sweep,MTS101
COP Clinch,MTS102
COP Sweep,MTS102
DOA Counter,MTS102
DOA Counter Cont.,MTS102
Fishnet to Truck,MTS102
Gift Wrap Escape,MTS102
Chest Pass to Flying Fishnet,MTS103
Chest Pass to Flying Fishnet,MTS103
Flying Fishnet,MTS103
Flying Fishnet,MTS103
Honeystick Entry (Patrick Lee 10p HQ),MTS103
Black Mamba to Mini-Stomp,MTS104
COP Landing,MTS104
COP Sweep,MTS104
DOA Escape,MTS104
DOA Defense,MTS105
Electric Stone Sweep,MTS105
Ending Electric Chair,MTS105
1/4 Guard,MTS106
Butterfly Pass with JM Holland and Grace Gundrum,MTS106
Alex Canders 10p Walnut Creek,MTS107
Brandon McCaghren & Matt Skaff 10p Decatur,MTS107
Denny Prokopos 10p San Fransisco,MTS107
Frank Barca 10p Melbourne,MTS107
Jennifer Escobar 10p HQ Bluebelt,MTS107
Josh Pecastaing 10p South Melbourne,MTS107
Adlai Cleveland 10p Ann Arbor,MTS108
Brian Beaumont 10p Yuma,MTS108
Brian Debes 10p Beaumont,MTS108
Chris Herzog 10p Rochester,MTS108
Eric Ramey 10p Burbank & HQ,MTS108
Eric Ramey 10p Burbank & HQ,MTS108
Eric Ramey 10p Burbank & HQ,MTS108
Eric Ramey 10p Burbank & HQ,MTS108
Jared Carlsten 10p Black Belt,MTS108
Jeremy Fields 10p Corona,MTS108
2-on-1 to C.O.P. Clinch,MTS109
C.O.P. Landing,MTS109
C.O.P. Landing,MTS109
DOA Defense,MTS109
Honey Stick From De La Riva,MTS109
Isosceles Triangle,MTS109
Isosceles Triangle,MTS109
Baret Choke,MTS11
Classic Posture Break,MTS11
Double Under Pass,MTS11
Hazelett,MTS11
Ice Pick,MTS11
Jiu Claw,MTS11
DOA Entry from Open Half,MTS110
DOA Warm Up Drill,MTS110
"Fishnet, Love Handle",MTS110
"Fishnet, Wall of Flesh",MTS110
Drilling Counter to Honeyhole,MTS111
Drilling Honeyhole Reversal to Honeystick,MTS111
Electric Sweep,MTS111
Homie Control Details,MTS111
Homie Control Path,MTS111
Homie Control Path,MTS111
Homie Control Path,MTS111
Homie Control Path – The Cliff,MTS111
Dealing with Inversion,MTS112
EBI Overtime Strategies,MTS112
Chris Herzog 10p Rochester Leg Lock and highlight,MTS113
Ashi Garami Japanese Jujitsu,MTS114
Countering Backstop Honeyhole,MTS114
Elevator to Ashi Garami,MTS114
Elevator to DOA,MTS114
Elevator to Inside X to Senkaku,MTS114
Fishnet to Truck,MTS114
Fishnet to Truck Alt Paths,MTS114
Fishnet to Truck Details,MTS114
Flat Mode Armbar,MTS115
Inversion to Triangle,MTS115
Jackie Chan / Imanari Drill,MTS115
Jackie Chan Leg lock drill,MTS116
Buttock Compressor,MTS12
Double Underhooks Butterfly Guard,MTS12
Far Side Arm Bar,MTS12
Free New York,MTS12
Full Guard,MTS12
Homie Control,MTS12
Invisible Collar,MTS12
Jiu Claw,MTS12
Calf Crank,MTS13
Crotch Ripper,MTS13
Fish Net,MTS13
"Japanese Necktie, Three Variations",MTS13
Douche Bag or X Break,MTS14
Douche Bag or X Break,MTS14
Failed RNC,MTS14
Failed Swim,MTS14
Flying Kung Fu,MTS14
Gogoplata,MTS14
Dismount,MTS15
Five O Control,MTS15
Fly Over Pass,MTS15
Heel Hook or Electric Chair,MTS15
Imanari,MTS15
Japanese Necktie,MTS15
Jiu Claw,MTS15
100% From Top Half,MTS16
Back,MTS16
Finish or Back,MTS16
Arm Triangle,MTS17
Capoeira Mount,MTS17
Carni,MTS17
Cocoon,MTS17
Flying New York,MTS17
Inverted Guard,MTS17
Back,MTS18
Bird,MTS18
Fly Over Pass,MTS18
Free New York,MTS18
Hip Bump Sweep,MTS18
Invisible Collar,MTS18
Jean Jacques Side Control Escape,MTS18
Free New York,MTS19
Inverted Triangle (two variations),MTS19
Alcatraz,MTS20
Apollo,MTS20
Apollo Sweep,MTS20
Arm Triangle,MTS20
Calf Crank,MTS20
Can Crusher,MTS20
Cocoon,MTS20
D’Arce,MTS20
Jean Jacques Sweep,MTS20
Back Control,MTS21
Capoeira Pass,MTS21
Flying Guillotine,MTS22
Helicopter Sweep,MTS22
Inverted Kimura,MTS22
Aerial Passing,MTS23
Back w/ Anaconda,MTS23
Dan Severn Choke,MTS23
Guillo-not,MTS23
Guillotine,MTS23
Japanese Necktie,MTS23
50/50 Guard,MTS24
Free New York,MTS24
Granby Roll,MTS24
Half Plex,MTS24
Inverted Heel Hook,MTS24
Invisible Croc,MTS24
De La Riva Defense,MTS25
Guard Passing Drill w/ Sean Bollinger,MTS25
Ham Sandwich Sweep and Submission,MTS25
Hand in Back Pocket Guard Passing Drill,MTS25
101 Pass,MTS26
Bas Ruten Shart Machine,MTS26
Inverted Arm Bar,MTS26
Guard Recomposition Drill,MTS27
Japanese Necktie,MTS27
Failed D’Arce,MTS28
Flying M’Arce,MTS28
Kimura Butterfly Sweep,MTS28
Bonus Technique w/ Denny Prokopos: Rolling Thunder,MTS29
C.O.P. Sweep,MTS29
Daley,MTS29
Jaws of Life,MTS29
Jean Jacques Sweep,MTS29
Banana Split,MTS30
Boa,MTS30
Cocoon,MTS30
Déjà Vu,MTS30
Half and Half,MTS30
Countering Capoeira Pass w/ Ninja Choke,MTS31
Countering Deep Half w/ Capoeira Pass,MTS31
Countering Z-Guard w/ Fake Toe Hold,MTS31
Craig Liccia’s Variation on Twister Pass,MTS31
Dominator Pass,MTS31
Double Bagger,MTS32
Flower Sweep,MTS32
Free New York,MTS32
Invisible Crackhead,MTS32
Invisible Croc or Sorcerer,MTS32
Arm Triangle,MTS33
Belly Dance,MTS33
Brennan Mount,MTS33
Chopping Block,MTS33
Electric Chair,MTS33
Head and Armpit Control,MTS33
10-Finger Guillotine,MTS35
Denny demonstrates D1 Pass,MTS35
Denny demonstrates Mount Escape,MTS35
Denny demonstrates Z-Guard,MTS35
Chin Strap,MTS36
Dead Zones: Arm-In Guillotine,MTS36
Dead Zones: Chopping Block (Head-and-Arm Choke finish),MTS36
Dead Zones: Closing RNC,MTS36
Dead Zones: Closing Triangle,MTS36
Dead Zones: Spiderweb,MTS36
Dead Zones: Vice Grip,MTS36
Double Bag,MTS36
Flying Kung Fu or Flying New York,MTS36
10th Planet Wrestling Single Leg with Robert Rodriguez,MTS37
Baby Wipe Under Pass,MTS37
Back,MTS37
Crotch Ripper,MTS37
Japanese Necktie,MTS37
Bonus Technique With Denny Prokopos Full Guard Back Sweep ,MTS38
Cocoon,MTS38
DA & Hazelett,MTS38
Double Baggin Basic Path,MTS38
Invisible Collar -To Oma Plata,MTS38
Invisible Collar Live Drill,MTS38
Jersey,MTS38
Jersey,MTS38
Jiu Claw Options,MTS38
50/50,MTS39
Kenny Florian shows “Pull Harris”,MTS39
Ditch Out,MTS41
Brent Alvarez Teaches Knee Bar From Top Half Guard,MTS42
Can Crusher (feat. UFC Legend Mikey Burnett),MTS44
Fly-Over Pass,MTS44
Jean Jacques 2,MTS46
Jean Jacques Sweep,MTS46
Josh Barnett demonstrates Reverse Toe Hold,MTS46
50/50 in MMA,MTS47
Black Mamba,MTS47
Dogfight,MTS47
Dogfight,MTS47
Fancy Feet Drill In Melbourne,MTS47
100% From Top Half,MTS48
Creep,MTS48
Arm Bar,MTS49
Arm Crush,MTS49
Arm Triangle,MTS49
D2,MTS49
Gangsta Lean,MTS49
Hangman,MTS49
Head & Armpit,MTS49
Head & Armpit,MTS49
100% Mounted Neck Crank,MTS51
2 on 1 Butterfly Sweep,MTS51
Arm In Guillotine,MTS51
Clubbing Butterfly Sweep,MTS51
Deep Half with Alder Hampel (Bonus Tech) ,MTS51
B Smith Escape,MTS52
Baby Back Rib,MTS52
Heisman Escape,MTS52
Hip Bump Mount Escape,MTS52
Judo Side Control,MTS52
Back Defense (w/ Josh Barnett),MTS54
5.0 Sweep,MTS56
Electric Chair (New),MTS56
Heel Hook (from Reverse Lockdown),MTS56
Back Widow,MTS57
Bustamante,MTS57
Flow Over Sweep,MTS57
Aoki Arm bar,MTS58
Aoki Leg Locks,MTS58
Hazelett,MTS58
Butterfly Sweep (2 on 1),MTS60
Butterfly Sweep (club),MTS60
Carni,MTS60
Carni,MTS60
Cocoon,MTS60
Cocoon,MTS60
Free New York (rolled from mount),MTS60
Inv. Crackhead to Free New York (Drill),MTS60
Buttock Compressor,MTS61
Capoeira Pass,MTS61
Head & Armpit,MTS61
Double C,MTS63
FTD w/ Derek Stewart,MTS63
Heisman,MTS63
4 x 4,MTS64
Crossover,MTS64
Douchebag w/ Peg Bradley,MTS64
Flying Wrestler,MTS64
Invisible Collar w/ Shinya Aoki,MTS64
Kimura Grip Hannd Fight,MTS64
10pHQ Warm Ups D: Inside Leg Drag,MTS65
10pHQ Warm Ups D: M1,MTS65
10pHQ Warm Ups D: MG Flow,MTS65
10pHQ Warm Ups D: Outside Leg Drag,MTS65
10pHQ Warm Ups D: Standing Under Pass,MTS65
Americana w/ Jacob Tapia,MTS65
10pHQ Warm Ups H: Basic X-Guard Path,MTS66
10pHQ Warm Ups H: Berimbolo,MTS66
10pHQ Warm Ups H: Deep Half Sling Shot,MTS66
10pHQ Warm Ups H: Spiral Guard,MTS66
10pHQ Warm Ups G: Dominator Pass to Judo Side Control to Brennan Mount to Failed Upah to Hail Mary Mount Escape to The Crippler,MTS67
10pHQ Warm Ups G: No Hand Pass to Regular Side Control to Knee Slide Mount to Upah Escape,MTS67
10pHQ Warm Ups G: Z Guard to Toe Hold Attempt to Top Half to Twister Pass to Twister Side Control to Tip Toe Mount to Alcatraz,MTS67
Crippler (Full Guard ),MTS67
De La Riva to X Guard (Drew Ash & Conon Heun),MTS67
10pHQ Warm Ups D: Tweak,MTS68
10pHQ Warm Ups F: “Butterflies” – 2 on 1 to top guy raising same side knee to clubbing butterfly sweep to 3/4 mount to mount to Jean Jacques mount escape,MTS68
10pHQ Warm Ups F: “Butterflies” – Cocoon to failed Jean Jacques sweep to Jean Jacques 2 to 3/4 mount to mount to Jean Jacques mount escape,MTS68
10pHQ Warm Ups F: “Butterflies” – Cocoon to Jean Jacques sweep to 3/4 mount to mount to hip bump mount escape to butterfly guard with double unders to full guard with double unders,MTS68
10pHQ Warm Ups F: “Butterflies” – Top man raises knee to 2 on 1 on opposite arm to 2 on 1 sweep to 3/4 mount to mount to hip bump mount escape to butterfly guard with double unders to full guard with double unders,MTS68
Flying Twister Roll ,MTS68
"10pHQ Warm Ups E: “1/4 Guard” – 1/4 Clinch (top guy hands not on mat) – To Mini Stomp – Push, Pull, Lockdown",MTS69
10pHQ Warm Ups E: “1/4 Guard” – Knee Slice to 1/4 Shell – To 1/4 whip (top man whizzar) – To Perfect Double Unders – To Dogfight – To Full Guard with Double Unders,MTS69
10pHQ Warm Ups E: “1/4 Guard” – Knee Slice to 1/4 Shell – To 1/4 whip (top man whizzar) – To Perfect Double Unders – To Whip Back To Lockdown – To Whip Back to Full Guard with Double Unders. (Plus Plan B Sweep Bonus),MTS69
10pHQ Warm Ups E: “1/4 Guard” – Knee Slice to 1/4 Shell – To 1/4 whip (top man whizzar) – To Perfect Double Unders To Boa Sweep ,MTS69
10pHQ Warm Ups B: “Hail Mary” - Marcelotine From The Sprawl,MTS70
10pHQ Warm Ups B: “Hail Mary” – Rolling Kimura From Open Guard to Safe Haven,MTS70
10pHQ Warm Ups B: “Hail Mary” – Straight Ankle Lock From Open Guard,MTS70
Back Take (From Twister Side),MTS70
Gun Show Control,MTS70
Hindu Control,MTS70
Hindulotine ,MTS70
Electric Chair Sweep,MTS71
Electric Cradle,MTS71
Electric Pass,MTS71
Electric Stone Sweep,MTS71
Can Crusher,MTS72
Crush Control,MTS72
Electric Chair,MTS72
Electric Sweep,MTS72
Electric Under Hooks,MTS72
Hip Heist,MTS72
10pHQ Pre Warm Ups Hip Walk,MTS73
10pHQ Pre Warm Ups Spider Walk,MTS73
10pHQ Warm Ups C: Pressure Passes – Chest Pass to Knee On Belly To Spinning Far Side Arm Bar – BJ Penn Grip- Corkscrew Escape,MTS73
Chest Pass,MTS73
Americana From The Mount,MTS74
Baseball Bat Control,MTS74
Calf Crank,MTS74
Kamikaze Calf Crank,MTS74
Incredible Rulk,MTS75
Isosceles Triangle,MTS76
Gogo Clinch,MTS77
Gogo Clinch,MTS77
Haze Leg,MTS77
Hazelett,MTS77
1/4 Guard,MTS78
3/4 Mount,MTS78
Carl Lewis,MTS78
Clinton,MTS78
Cocoon,MTS78
Cocoon,MTS78
Darce Defense (Stew Landry),MTS78
Death From Below,MTS78
Gogo Clinch,MTS78
Gogo Clinch,MTS78
Honey Hole,MTS78
Inside Heel Hook,MTS78
Jersey,MTS78
Jersey,MTS78
Calf Slicer,MTS79
Gogo Clinch,MTS79
Gogo Clinch,MTS79
Ham Sandwich to Russian Cowboy,MTS79
Heel Hook,MTS79
Full Guard With Double Unders,MTS80
Full Guard With Double Unders,MTS80
Gogoplata,MTS80
Half Guard With Double Unders,MTS80
Half Guard With Double Unders,MTS80
Episode 1,MTS81
1/4 Z,MTS82
6 O’Clock,MTS82
Ankle Lock Leg Drag Pass,MTS82
Clubbing Butterfly Sweep,MTS82
Dead Orchard (Denny Prokopos),MTS82
Dead Orchard Variation (Ruben Rivera),MTS82
1/4 Z,MTS83
Donkey Guard,MTS83
Inverted Arm Bar,MTS83
Jellyfish,MTS83
Kimura,MTS83
100% to the Truck with Geo,MTS84
50/50,MTS85
Calf Crank,MTS85
Grip Break (Nathan Orchard),MTS85
Kamikaze (Sneaky),MTS85
Dan Severn,MTS86
Berimbolo Alternative,MTS88
Entries to Ashi Garami,MTS88
Hail Mary Mount Escape,MTS88
1/4 Ashi Swim,MTS89
Ashi Dive Swim,MTS89
Ashi,MTS90
Butterfly,MTS90
Butterfly to Ashi,MTS90
Clubbing Sweep from 1/4 Z,MTS90
Cummings Blast,MTS90
DOA,MTS90
Inverted Triangle Drill,MTS90
Failed 2 on 1 to C.O.P. Sweep (Technique 3),MTS91
Dead Orchard Breakdown (Ben Saunders UFC on Fox 16),MTS93
Dead Orchard Breakdown (with Robin Black),MTS93
Chest Pass Details,MTS94
Full Guard,MTS94
Full Guard Defense Details,MTS94
Japanese Necktie,MTS94
Baseball Bat Control from Twister Option,MTS96
Breaking The Lockdown,MTS96
Clearing the neck from full guard,MTS96
Flying Kungfu,MTS96
H Day – Swamp Walking,MTS96
Inverted Kimura,MTS96
Drowning Whizzar,MTS97
Drowning Whizzar Details,MTS97
Drowning Whizzar Details,MTS97
Getting up to Dogfight,MTS97
Half-Full,MTS98
Honey Hole Escape,MTS98
Honey Hole Escape Cont.,MTS98
Bottom Half to Rubberguard Options,MTS99
Gogo Clinch,MTS99
Jiu Claw to Carni,MTS99
Kimura Half,MTS28
Knee On Belly,MTS12
Knee on Belly Drill,MTS15
Knee Pummel,MTS33
Knee Slice Pass,MTS27
Kung Fu Move,MTS18
Kuwy Control,MTS74
Kuzushi to Ashi Garami w/ Eric Ramey,MTS114
Laimon Spin,MTS14
Lauri Karppinnen 10p Tampere,MTS108
Leg Drag,MTS68
Leg Drag,MTS84
Leg Lock Counter Options,MTS104
Leg Lock Drill,MTS111
Leg Lock Drills,MTS104
Leg Lock Drills,MTS110
Leg Lock Reminders,MTS109
Legless Meathook,MTS63
"Leglocks, Butt to Butt Game",MTS114
Limp Arm,MTS02
Live Drills,MTS106
Live Drills – Chest Pass,MTS92
Live Drills – Electric Chair,MTS92
Live Drills – Fly Over Pass,MTS92
Live Drills – Honey Hole,MTS92
Lock Shoulder Deep Hook,MTS14
Lockdown,MTS47
Lockdown Battle,MTS33
Lockdown Battle,MTS47
Lockdown Battle LIVE DRILLS,MTS47
Locking Shoulder,MTS41
M-Stance,MTS08
M-Stance,MTS33
M1 Pass,MTS14
M1 Pass,MTS33
M1 Stance,MTS17
M2 Pass,MTS17
M3 Pass,MTS08
Manny Escape,MTS39
Manny Gamburyan shows knee bar from half guard,MTS39
Manny shows 50/50 defense and new Gokor straight ankle lock,MTS39
Marcelo,MTS06
Marcelo Guillotine,MTS16
Marcelo Pass,MTS03
Marcelo Pass,MTS07
Marcelotine,MTS33
Marcelotine,MTS70
Marvin Castelle 10p HQ Purple Belt,MTS107
Master the Underjack,MTS109
Meat Hook,MTS19
Meat Hook,MTS32
Meat Hook,MTS38
Meat Hook,MTS38
Meat Hook,MTS78
Meat Hook,MTS78
Meat Hook to Triangle,MTS99
Meat Stomp,MTS81
Meathook,MTS60
Meathook,MTS60
Mechanic (Randall Dolf),MTS83
Mechanic Sweep,MTS13
Mick Broster 10p Birmingham,MTS108
Mike Dewitt 10p Springfield,MTS100
Mike Dewitt 10p Springfield,MTS108
Mini Leg Drag 8 to 4 & 10 to 2,MTS84
Mini Stomp,MTS02
Mini Stomp,MTS11
Mini Stomp,MTS13
Mini Stomp,MTS33
Mini Stomp Variation,MTS05
Mini Xs Inversion Details,MTS114
Mini-Stomp,MTS104
Mini-Stomp Continued,MTS104
Mission Control (perfect),MTS60
Mission Control (shitty),MTS60
Modified Crab Pass,MTS27
Modified Dog Fight,MTS21
Modified Dogfight Sweep,MTS62
Modified Ham Sandwich,MTS25
Modified No Hand Pass,MTS28
Monkey Mount,MTS79
Monkey Mount,MTS79
Mono Control,MTS79
Mono Plata,MTS49
Mono Plata,MTS79
Mono Plata w/ Variations,MTS17
Mono Roll,MTS17
Mount,MTS15
Mount,MTS52
Mount,MTS61
Mount,MTS78
Mount Escape,MTS05
Mounted 10 Finger Guillotine,MTS09
Muddy Waters,MTS98
Muddy Waters 1,MTS58
Muddy Waters 2,MTS58
Muddy Waters Revisited,MTS59
Muddy Waters with Aoki,MTS59
Multiple Finishes,MTS21
Mystery Pass,MTS72
Nabil Salate 10p Coquitlam,MTS108
New Croc,MTS41
New Jersey,MTS32
New Jersey,MTS60
New Jersey,MTS60
New Jersy,MTS59
New York,MTS15
Ninja Choke,MTS05
Ninja Choke (Counter to Capoeira),MTS61
Ninja Choke From Side Control (w/ Eric Schuettenberg),MTS53
No Hand Pass,MTS02
No Hand Pass,MTS33
No Hand Pass (Dominator),MTS09
No Hand Pass (Dominator),MTS20
North South,MTS52
North South Choke,MTS10
North South Choke,MTS35
North South Choke (One Arm),MTS69
North South Escape,MTS44
Old School,MTS10
Omar Ocasio 10p Lombard,MTS108
One Arm Guillotine,MTS86
One Arm North South Choke (As seen on 10th Planet All-Stars DVD),MTS05
One Legged X-Guard Sweep,MTS09
Options from Three Quarter Guard (aka New Jersey),MTS26
Parallel Jiu Claw,MTS18
Passing A Large Opponents Guard,MTS113
Passing to Back or Truck,MTS114
Pedro,MTS15
Perfect Arm Bar,MTS57
Perfect Arm Crush,MTS57
Perfect Calf Crank,MTS37
Perfect Dog Fight,MTS02
Perfect Dogfight,MTS30
Perfect Dogfight,MTS80
Perfect Dogfight,MTS80
Perfect Double Underhooks,MTS24
Perfect Double Underhooks,MTS30
Perfect Double Underhooks,MTS47
Perfect Double Underhooks LIVE DRILLS,MTS47
Perfect Double Underhooks Lockdown,MTS05
Perfect Double Unders from 1/4 Guard,MTS106
Perfect Double Unders from 1/4 Guard,MTS106
Perfect Hazelett,MTS18
Perfect Spiderweb,MTS22
Perfect Spiderweb,MTS57
Perfect Triangle,MTS17
Perpendicular Jiu Claw,MTS11
Phill Schwartz 10p Portland,MTS107
Plan B,MTS47
Plan B,MTS97
Plan B details,MTS97
Plank M1 (Warm Ups C1 Tweak),MTS84
Polishing Prison Guard,MTS95
Pop Triangle,MTS11
"Positional Warm Ups, Transition to Legs",MTS112
Pre-Stomp to Full Guard,MTS81
Pre-Stomp to Full Guard to Dead Orchard,MTS81
Pre-Web,MTS96
Pre-Web cont’d,MTS96
Pre-Web cont’d,MTS96
Preventing Truck Flipping,MTS104
Prison Guard,MTS11
Prison Guard,MTS80
Prison Guard From Perfect Double Under Hooks / Lockdown,MTS42
Prison Guard Philosophy,MTS42
Pulling Guard in MMA 3rd Option,MTS47
Pump,MTS03
Pyramid,MTS04
Pyramid,MTS29
Pyramid,MTS35
Pyramid,MTS46
Pyramid Part 2,MTS46
Quarter Clinch,MTS02
Quarter Clinch,MTS05
Quarter Clinch,MTS11
Quarter Clinch,MTS13
Quarter Clinch,MTS33
Quarter Guard,MTS07
Quarter Guard,MTS47
Quarter Guard,MTS47
Quarter Shell Leg Lock Flow,MTS115
"Quarter Shell, Dog Fight, Body Pyramid",MTS111
Ramey,MTS55
Randall Dolf Teaches The Dolf Choke,MTS66
Recycler,MTS64
Regular Side Control,MTS52
Return Of The Jedi,MTS81
Reverse Alcatraz Arm Positioning Details,MTS93
Reverse Alcatraz Mount Escape,MTS93
Reverse Heisman,MTS63
Reverse Knee on Belly,MTS15
Reverse Knee on Belly,MTS17
Reverse Lockdown Sweep (to Top Half),MTS56
Reverse Spider Web Part 2. Submissions,MTS73
Rexangle,MTS70
Richie ‘Boogeyman’ Martinez,MTS100
RNC,MTS05
RNC,MTS11
RNC Defense (Leg Press),MTS85
RNC w/ BJ Hook,MTS31
Rob Rodriguez 10p Wrestling HQ,MTS100
"Rock up Ashi/Backstep, Mini Xs, Invert",MTS114
Rolling Guillotine,MTS70
Rolling Jiu,MTS18
Rolling Kimura,MTS16
Rolling Kimura,MTS85
Rolling Toe Hold and Toe Hold Defense,MTS19
Rolling Toe Hold From Z Guard,MTS73
Roofing – DOA Reversal with Brent Alvarez,MTS109
Roofing / DOA Reversal,MTS110
Rubber Guard,MTS113
Rubber Guard – Invisible Collar,MTS113
Rubber Guard (full path to Inv. Collar),MTS60
Rubber Guard Drill,MTS116
Rubber Guard options,MTS116
Rubber Guard Switching the Angle,MTS116
Rubberguard Details,MTS112
Ruben Rivera 10p Santa Fe,MTS100
Russian Cowboy,MTS83
Russian Cowboy (Chris Herzog),MTS48
Russian Tie with Rob Rodriguez,MTS104
Ryan Fortin Teaches The Arm Drag To The Twister,MTS66
S Mount,MTS49
Saddle,MTS78
Safe Haven / Dark Haven,MTS113
Sambo Leg Submissions,MTS84
Samurai,MTS20
Scott ‘Einstein’ Epstein 10p West LA,MTS107
Scott Einstein Epstein 10p West LA,MTS100
Scott Elliot 10p Richmond,MTS108
Scott Ross 10p HQ,MTS100
Scott Ross 10p HQ,MTS107
Scramble,MTS08
Scramble,MTS37
Scrape Defense,MTS06
Sean Applegate 10p Gulf Shores,MTS108
Sean Bollinger 10p Decatur,MTS100
Sergeant Slaughter Control,MTS18
Shawn Williams demonstrates getting hand,MTS46
Shoulder Smash Pass,MTS61
Shuichiro Katsumura demonstrates Ninja Choke,MTS46
Side Choke Defense,MTS68
Side Control Check,MTS52
Side Control Escape,MTS63
Side Control feat. Sean Bollinger,MTS21
Side Control Hip Bump Escape,MTS52
Side Control Sweep (Stew Landry),MTS78
Silverado,MTS03
Silverado,MTS12
Silverado and Toss (Technique 2),MTS91
Single Day Part 1,MTS45
Single Day Part 2,MTS45
Single Day Part 3,MTS45
Single Day Part 4,MTS45
Single Day Part 5,MTS45
Single Day Part 6,MTS45
Single Day Part 7,MTS45
Single legged X,MTS90
Single Legged X Drill,MTS89
Single Legged X to Ashi,MTS90
Skydive,MTS49
Skydive,MTS49
Slow Samurai,MTS74
Slow Samurai with Kuwy Control,MTS74
Slow Triangle,MTS74
Smashing Web,MTS57
Sorcerer,MTS12
Sorcerer,MTS58
Special K,MTS49
Special K,MTS79
Spider Web From Mount,MTS41
Spiderweb,MTS06
Spiderweb,MTS49
Spiderweb,MTS57
Spiderweb,MTS80
Spiderweb,MTS82
Spiderweb,MTS83
Spiderweb 101,MTS55
Spiderweb 2-on-1 (Technique 4),MTS91
Spiderweb Finish (Technique 1),MTS91
Spinning Arm Bar,MTS26
Spiral Guard,MTS39
Sprawl,MTS16
Standing Underpass,MTS40
Standing Underpass ,MTS40
Standing Underpass Part 2 ,MTS40
Star Wars,MTS81
Steering Wheel Pass,MTS26
Step Zero,MTS24
Stick Shift,MTS46
Stick Shift,MTS65
"Stock, AKA ""The Meat Bag""",MTS36
Stomp,MTS20
Stomp,MTS46
Stomp Part 2,MTS46
Straight Ankle Lock,MTS09
Straight Ankle Lock Variation feat. “Einstein”,MTS21
Straight Jacket,MTS49
Straight Jacket,MTS79
Super Stomp,MTS04
Super Stomp,MTS29
Super Stomp,MTS30
Super Stomp,MTS38
Super Stomp,MTS78
Swedish Twister,MTS37
Swim Move,MTS02
Swim Move,MTS12
Swim Move,MTS57
Swim Move,MTS58
Swim Move,MTS82
Swim Move or Sergeant Slaughter,MTS24
Taking the Back From Z Guard with Zach Maslany and Grace Gundrum,MTS106
Technique Bonus Feature w/ Brent Litell,MTS12
Thai,MTS48
Thai,MTS64
The Hooks – Part 1,MTS74
The Hooks – Part 2,MTS74
The Hooks – Part 3,MTS74
Three Quarter Mount,MTS18
To Calf Crank,MTS74
Toe Jam Sandwich,MTS79
Tony Ferguson Fight Camp,MTS113
Top Full to Game Over,MTS88
Top Half,MTS33
Top Half Positions,MTS105
Top Lock,MTS104
Top Lock Clinch,MTS105
Top Lock Clinch,MTS105
Top Lock Clinch,MTS105
Top Lock Clinch Details,MTS106
Top Stone Control,MTS71
Toss,MTS03
Toss,MTS14
Toss,MTS14
Triangle,MTS04
Triangle,MTS04
Triangle,MTS06
Triangle,MTS19
Triangle Escapes,MTS93
Triangle from Side Control (Frank Barca),MTS72
Triangle or Hazelett,MTS38
Triangle or Kung Fu Move,MTS32
Truck,MTS07
Truck,MTS09
Truck,MTS13
Truck,MTS21
Truck,MTS23
Truck,MTS37
Truck,MTS37
Truck,MTS37
Truck,MTS68
Truck,MTS85
Truck,MTS85
Truck,MTS85
Truck,MTS85
Truck ,MTS40
Twister,MTS09
Twister,MTS61
Twister,MTS85
Twister,MTS85
Twister from Side control,MTS59
Twister from the back,MTS58
Twister Pass,MTS09
Twister Pass,MTS22
Twister Pass,MTS31
Twister Pass off Z Guard,MTS44
Twister Path from Turtle,MTS96
Twister Side Control,MTS13
Twister Side Control,MTS23
Twister Side Control,MTS31
Twister Side Control,MTS52
Twister Side Control,MTS85
Twister Side Control,MTS85
Twister Side Control,MTS99
Twister Side Control Cont.,MTS99
"Twister Side, Fishnet Details",MTS110
Twister Tweaks: Final 3 Steps,MTS73
Ultimate Shrimp,MTS63
Ultimate Side Control,MTS116
Under 1,MTS57
Under Fly Over Pass,MTS72
Under Hook Counter to Under Pass,MTS72
"Under Jack, Chopping Block, Arm Triangle",MTS110
Under Pass,MTS37
Under Pass,MTS72
Under Pass,MTS72
Under Pass Battle,MTS72
Under Pass w/ Mike Dewitt,MTS65
"Underpass, The Ditch",MTS112
"Underpass, The Ditch",MTS112
"Underpass, The Ditch Combos",MTS112
Unhook Lockdown,MTS33
Unwinder,MTS12
Unwinder,MTS29
Vapor Roll,MTS71
Vaporizer,MTS71
Vaporizer,MTS83
Vaporizer or Far Spinning Arm Bar off Kimura Defense,MTS27
Warm Ups A – Granby’s,MTS103
Warm Ups B – Hail Mary’s,MTS103
Warm Ups B1 Details,MTS92
Warm Ups C – Pressure Passes,MTS103
Warm Ups C1 – Pressure Passes,MTS115
Warm Ups C2,MTS115
Warm Ups C3,MTS115
Warm Ups C4,MTS115
Warm Ups D,MTS114
Warm Ups D Day Drilling,MTS114
Warm Ups D Day Drilling,MTS114
Warm Ups D Standing Passes,MTS103
Warm Ups E – Quarter Guard,MTS104
Warm Ups F – Butterflies,MTS104
Warm Ups F Revisited,MTS95
Warm Ups F Revisited,MTS95
Warm Ups F Revisited,MTS95
Warm Ups F Revisited,MTS95
Warm Ups G – Top Half Passes,MTS104
Warm Ups G Revisited,MTS95
Warm Ups G Revisited,MTS95
Warm Ups H – Open Guards,MTS104
Warm Ups H Day Swamp Walking,MTS116
Warm Ups H Revisited,MTS96
Whip Back,MTS30
Whip Back,MTS47
Whip Down,MTS15
Whip Down,MTS71
Whip Down,MTS72
Whip Up,MTS47
Wild Beast,MTS31
Wild Beast Control,MTS116
Wild Beast Control Details,MTS116
Wild Beast Control Details,MTS116
Wild Beast Control Drills,MTS116
Work on One Side,MTS109
Wrestling for MMA and BJJ w/ 10th Planet brown belt Amir Allam,MTS32
Wrestling for MMA w/ Amir Allam,MTS33
Wrestling Warm Ups A with Rob Rodriguez,MTS104
X guard,MTS90
X Guard,MTS90
X guard to Honey Hole Leg Drag,MTS97
X-Blast,MTS03
X-Blast,MTS09
X-Clinch,MTS03
X-Guard Sweep,MTS30
Z Guard,MTS72
Z Guard,MTS79
Z Guard,MTS80
Z Guard,MTS80
Z Guard Dogfight,MTS80
Z Guard Half and Half,MTS80
Z Guard Half Guard With Double Unders,MTS80
Z-Guard Leg Drag (Derek Stewart),MTS55
Zombie,MTS32
Zombie from top,MTS49