title	url	videoUrl	timestampCount
MTS 260 Deathbed Flows Spiderweb	https://www.10thplanetjj.com/techniques/mts-260-deathbed-flows-spiderweb/	https://vimeo.com/1226043686	15
MTS 259 Modern Leg Locks with Phil Schwartz	https://www.10thplanetjj.com/techniques/mts-259-modern-leg-locks-with-phill-schwartz/	https://vimeo.com/1220284436	14
MTS 258 State of Rubber Guard	https://www.10thplanetjj.com/techniques/mts-258-state-of-rubber-guard/	https://vimeo.com/1213675063	9
MTS 257 Jail Break	https://www.10thplanetjj.com/techniques/mts-257-jail-break/	https://vimeo.com/1203540253	10
MTS 256 Twister – The Final 3	https://www.10thplanetjj.com/techniques/mts-256-twister-the-final-3/	https://vimeo.com/1195942075	12
MTS 255 DMs Passing	https://www.10thplanetjj.com/techniques/mts-255-dms-passing/	https://vimeo.com/1189023693	10
MTS 254 Mount Attacks	https://www.10thplanetjj.com/techniques/mts-254-mount/	https://vimeo.com/1182123661	5
MTS 253 Dog Fight / Dog Shot	https://www.10thplanetjj.com/techniques/mts-253-dog-fight/	https://vimeo.com/1172317419	11
MTS 252 Zero Guard	https://www.10thplanetjj.com/techniques/mts-252-zero-guard/	https://vimeo.com/1163881815	8
MTS 251 Deathbed Flow – Lockdown	https://www.10thplanetjj.com/techniques/mts-251-deathbed-flows-lock-down/	https://vimeo.com/1157434768	13
MTS 250 Deathbed Flow – Twister Side	https://www.10thplanetjj.com/techniques/mts-250-deathbed-flow-twister-side/	https://vimeo.com/1150538894	16
MTS 249 The Toss	https://www.10thplanetjj.com/techniques/mts-249-the-toss-2/	https://vimeo.com/1142910721	11
MTS 248 Deathbed Flows	https://www.10thplanetjj.com/techniques/mts-248-deathbed-flows/	https://vimeo.com/1138686996	17
MTS 247 EBI OT	https://www.10thplanetjj.com/techniques/mts-247-ebi-ot/	https://vimeo.com/1131211118	14
MTS 246 Geo Martinez Open Guard	https://www.10thplanetjj.com/techniques/mts-246/	https://vimeo.com/1119008749	17
MTS 245 Bryce Mitchell Twister Series	https://www.10thplanetjj.com/techniques/mts-245-bryce-mitchell-twister-series/	https://vimeo.com/1111762308	18
MTS 244 Rubber Guard Troubleshooting Part 2	https://www.10thplanetjj.com/techniques/mts-244-rubber-guard-troubleshooting-part-2/	https://vimeo.com/1102046162	15
MTS 243 Rubber Guard Troubleshooting Part 1	https://www.10thplanetjj.com/techniques/mts-243-rubber-guard-troubleshooting-part-1/	https://vimeo.com/1101400891	7
MTS 242 Prison Guard Death Bed Flow	https://www.10thplanetjj.com/techniques/mts-242-prison-guard-death-bed-flow/	https://vimeo.com/1094827540	21
MTS 241 Death Bed Flow – Rubber Guard	https://www.10thplanetjj.com/techniques/mts-241-death-bed-flow-rubber-guard/	https://vimeo.com/1083079571	20
MTS 240 Carni / Bear Trap	https://www.10thplanetjj.com/techniques/mts-240-carni-bear-trap/	https://vimeo.com/1076744517	16
MTS 239 JJOD Dog Bar / Pancho Villa	https://www.10thplanetjj.com/techniques/mts-239-jjod-dog-bar-pancho-villa/	https://vimeo.com/1068976202	17
MTS 238 Death Bed Flows Truck	https://www.10thplanetjj.com/techniques/mts-238-death-bed-flows-truck/	https://vimeo.com/1059984889	17
MTS 237 Death Bed Flows – Rubber Guard	https://www.10thplanetjj.com/techniques/mts-237-death-bed-flows-rubber-guard/	https://vimeo.com/1053300841	19
MTS 236 Quarter Guard For MMA	https://www.10thplanetjj.com/techniques/mts-236-quarter-guard-for-mma/	https://vimeo.com/1044222040	11
MTS 235 Truck with Geo Martinez	https://www.10thplanetjj.com/techniques/mts-235-truck-with-geo-martinez/	https://vimeo.com/1037093867	12
MTS 234 Truck with Kevin Berbrich	https://www.10thplanetjj.com/techniques/mts-234-truck-with-kevin-berbrich/	https://vimeo.com/1025599364	10
MTS 233 Truck with Nathan Orchard	https://www.10thplanetjj.com/techniques/mts-233-truck-with-nathan-orchard/	https://vimeo.com/1020284553	9
MTS 232 Truck with Kemoy Anderson	https://www.10thplanetjj.com/techniques/mts-232-truck-with-kemoy-anderson/	https://vimeo.com/1014194864	13
MTS 231 Top Half to Mount	https://www.10thplanetjj.com/techniques/mts-231-top-half-passing/	https://vimeo.com/1006040192	12
MTS 230 EBI OT	https://www.10thplanetjj.com/techniques/mts-230-ebi-ot/	https://vimeo.com/996886796	17
MTS 229 The Truck Love Handle	https://www.10thplanetjj.com/techniques/mts-229-the-truck-love-handle/	https://vimeo.com/985832560	13
MTS 228 White Belt Wall Warmups F	https://www.10thplanetjj.com/techniques/mts-228-white-belt-wall-warmups-f/	https://vimeo.com/970837902	22
MTS 227 The Valley Twister	https://www.10thplanetjj.com/techniques/mts-227-the-valley-twister/	https://vimeo.com/949021142	38
MTS 226 Full Rubber Guard Invisible Collar	https://www.10thplanetjj.com/techniques/mts-226-full-rubber-guard-invisible-collar/	https://vimeo.com/936388089	22
MTS 225 Ultimate Rubber Guard Round	https://www.10thplanetjj.com/techniques/mts-225-ultimate-rubber-guard-round/	https://vimeo.com/936356847	26
MTS 224 Side Control: Stay Un-frame-able	https://www.10thplanetjj.com/techniques/mts-224-grapplers-no-gi-no-money-pgf-documentary/	https://vimeo.com/927203289	26
MTS 223 Thien Luu Nguyen	https://www.10thplanetjj.com/techniques/mts-223-thein-luu-nguyen/	https://vimeo.com/919903763	25
MTS 222 EBI Champion Alan Sanchez	https://www.10thplanetjj.com/techniques/mts-222-ebi-champion-alan-sanchez/	https://vimeo.com/914946146	29
MTS 221 Rubber Guard with Fedor Nikolov	https://www.10thplanetjj.com/techniques/mts-221-rubber-guard-with-fedor-nikolov/	https://vimeo.com/911729376	29
MTS 220 Knee Bar From Twister Side	https://www.10thplanetjj.com/techniques/mts-220-knee-bar-from-twister-side/	https://vimeo.com/902485112	33
MTS 219 Bypass Passing From Scratch	https://www.10thplanetjj.com/techniques/mts-219-bypass-passing-from-scratch/	https://vimeo.com/892051059	30
MTS 218 El Coyote Behind The Scenes	https://www.10thplanetjj.com/techniques/mts-218-el-coyote-behind-the-scenes/	https://vimeo.com/881551599	25
MTS 217 Rubber Guard with Jeremiah Vance	https://www.10thplanetjj.com/techniques/mts-217-rubber-guard-with-jeremiah-vance/	https://vimeo.com/872665980	24
MTS 216 Rubber Guard with Richie Martinez	https://www.10thplanetjj.com/techniques/mts-216-rubber-guard-with-richie-martinez/	https://vimeo.com/863374035	34
MTS 215 Rubber Guard with Nathan Orchard	https://www.10thplanetjj.com/techniques/mts-215-buggy-choke-with-jordan-wirth/	https://vimeo.com/855470212	28
MTS 214 Rubber Guard with Ben Eddy	https://www.10thplanetjj.com/techniques/mts-214-rubber-guard-with-ben-eddy/	https://vimeo.com/845026239	32
MTS 213 HQ Live Drills at Black Belt Invasion	https://www.10thplanetjj.com/techniques/mts-213-hq-live-drills-at-black-belt-invasion/	https://vimeo.com/837750588	5
MTS 212 Thug Nasty Returns Part 2	https://www.10thplanetjj.com/techniques/mts-212-thug-nasty-returns-part-2/	https://vimeo.com/825644095	25
MTS 211 Bryce Mitchell Visits Part 1	https://www.10thplanetjj.com/techniques/mts-211-thug-nasty-returns-part-1/	https://vimeo.com/814738943	14
MTS 210 Rubberguard Philosophy	https://www.10thplanetjj.com/techniques/mts-210/	https://vimeo.com/806053710	27
MTS 209 Smash Side Control	https://www.10thplanetjj.com/techniques/mts-209-smash-side-control/	https://vimeo.com/796358877	22
MTS 208 Lock Drag Setups	https://www.10thplanetjj.com/techniques/mts-208-lock-drag-setups/	https://vimeo.com/789375879	26
MTS 207 Twister Side Attacks	https://www.10thplanetjj.com/techniques/mts-207-twister-side-attacks/	https://vimeo.com/779700223	27
MTS 206 100% Lockdown	https://www.10thplanetjj.com/techniques/mts-206-100-lockdown/	https://vimeo.com/771225183	34
MTS 205 Quarter Guard Concepts	https://www.10thplanetjj.com/techniques/mts-205-quarter-guard-concepts/	https://vimeo.com/762834270	12
MTS 204 Quarter Guard Strategies	https://www.10thplanetjj.com/techniques/mts-204-1-4-guard-strategies/	https://vimeo.com/755235650	19
MTS 203 Prison Guard To Spider Web	https://www.10thplanetjj.com/techniques/mts-203-prison-guard-to-spider-web/	https://vimeo.com/737175681	22
MTS 202 Meathook Options	https://www.10thplanetjj.com/techniques/mts-202-meathook-options/	https://vimeo.com/725040079	24
MTS 201 Prison Guard Breakdown	https://www.10thplanetjj.com/techniques/mts-201-prison-guard-breakdown/	https://vimeo.com/714799142	23
MTS 200 Lockdown Strategies	https://www.10thplanetjj.com/techniques/mts-200-lockdown-strategies/	https://vimeo.com/700135421	0
MTS 199 Grace’s Twister	https://www.10thplanetjj.com/techniques/mts-199-graces-twister/	https://vimeo.com/691263980	17
MTS 198 Deep Hook Philosophy	https://www.10thplanetjj.com/techniques/mts-198-deep-hook-philosophy/	https://vimeo.com/676668536	15
MTS 197 Twister Side Control	https://www.10thplanetjj.com/techniques/mts-197-twister-side-control/	https://vimeo.com/668869777	16
MTS 196 Rubber Guard with Ben Eddy Warmups E1	https://www.10thplanetjj.com/techniques/mts-196-rubber-guard-with-ben-eddy-warmups-e1/	https://vimeo.com/661344430	24
MTS 195 Advanced Arm Triangle Warmups E1	https://www.10thplanetjj.com/techniques/mts-195-advanced-arm-triangle-warmups-e1/	https://vimeo.com/650508297	11
MTS 194 Rear Naked Choke Series Warmups D	https://www.10thplanetjj.com/techniques/mts-194-rear-naked-choke-series-warmups-d/	https://vimeo.com/638465472	17
MTS 193 Deep Down The Lockdown Hole	https://www.10thplanetjj.com/techniques/mts-193-deep-down-the-lockdown-hole/	https://vimeo.com/604467833	10
MTS 192 Rubber Guard Live Drills	https://www.10thplanetjj.com/techniques/mts-192-rubber-guard-live-drills/	https://vimeo.com/586540871	16
MTS 191 Passing with Danny Gutierrez	https://www.10thplanetjj.com/techniques/mts-191-passing-with-danny-guttierez-warmups-b/	https://vimeo.com/571448848	21
MTS 190 Back Attacks With Luis Quinones	https://www.10thplanetjj.com/techniques/mts-190-back-attacks-with-luis-quinones-warmups-a/	https://vimeo.com/562970980	17
MTS 189 Prison Guard Homie X	https://www.10thplanetjj.com/techniques/mts-189-prison-guard-homie-x-warmups-h/	https://vimeo.com/539543116	16
MTS 188 Advanced EBI OT	https://www.10thplanetjj.com/techniques/mts-188-advanced-ebi-ot-warmups-g/	https://vimeo.com/532762379	13
MTS 187 Troubleshooting The Lockdown	https://www.10thplanetjj.com/techniques/mts-187-troubleshooting-the-lockdown-warmups-f/	https://vimeo.com/520215465	14
MTS 186 Advanced Passing	https://www.10thplanetjj.com/techniques/mts-186-advanced-passing-warmups-e/	https://vimeo.com/508318570	12
MTS 185 Quarter Guard Strategies	https://www.10thplanetjj.com/techniques/mts-185-quarter-guard-strategies-warmups-d/	https://vimeo.com/499024461	16
MTS 184 Rubber Guard to Side Control	https://www.10thplanetjj.com/techniques/mts-184-rubber-guard-to-side-control/	https://vimeo.com/488288367	14
MTS 183 Spiderweb – Silverado	https://www.10thplanetjj.com/techniques/mts-183-spiderweb-silverado/	https://vimeo.com/476069058	10
MTS 182 Leg Locks At HQ	https://www.10thplanetjj.com/techniques/mts-182-leg-locks-at-hq/	https://vimeo.com/468834540	16
MTS 181 Passing Basics – D Day	https://www.10thplanetjj.com/techniques/mts-181-passing-basics-d-day/	https://vimeo.com/462290101	17
MTS 180 Side Control Principles	https://www.10thplanetjj.com/techniques/mts-180-side-control-principles/	https://vimeo.com/454160835	14
MTS 179 Rubber Guard: Cobra Clinch	https://www.10thplanetjj.com/techniques/mts-179-rubber-guard-cobra-clinch-warmups-g/	https://vimeo.com/447082958	12
MTS 178 Banana Splits In Transition	https://www.10thplanetjj.com/techniques/mts-178-banana-splits-in-transition/	https://vimeo.com/441149568	14
MTS 177 Tripod Passing	https://www.10thplanetjj.com/techniques/mts-177-tripod-passing/	https://vimeo.com/434243580	11
MTS 176 Lockdown Clinches	https://www.10thplanetjj.com/techniques/mts-176-lockdown-clinches/	https://vimeo.com/426664984	17
MTS 175 Focusing on the Truck	https://www.10thplanetjj.com/techniques/mts-175-focusing-on-the-truck/	https://vimeo.com/419635687	15
MTS 174 Corona Lockdown Sweep	https://www.10thplanetjj.com/techniques/mts-174-corona-lockdown-sweep/	https://vimeo.com/411572587	19
MTS 173 Rolling Inverted 3 Piece	https://www.10thplanetjj.com/techniques/mts-173-rolling-inverted-3-piece-warmups-b/	https://vimeo.com/403618636	12
MTS 172 Spider Clinch	https://www.10thplanetjj.com/techniques/mts-172-spider-clinch-warmups-a/	https://vimeo.com/396861939	17
MTS 171 Posture & Clinching	https://www.10thplanetjj.com/techniques/mts-171-posture-clinching-warmups-h/	https://vimeo.com/392909516	20
MTS 170 Samurai Calf Slicer	https://www.10thplanetjj.com/techniques/mts-170-samurai-calf-slicer/	https://vimeo.com/388049252	20
MTS 169 Rubber Guard – The Pump	https://www.10thplanetjj.com/techniques/mts-169-rubber-guard-the-pump/	https://vimeo.com/383354035	20
MTS 168 Twister Side to Vaporizer	https://www.10thplanetjj.com/techniques/mts-168-lockdown-to-vaporizer/	https://vimeo.com/378404321	19
MTS 167 Lockdown Entries	https://www.10thplanetjj.com/techniques/mts-167-lockdown-entries/	https://vimeo.com/376064619	20
MTS 166 Maia vs Askren Breakdown	https://www.10thplanetjj.com/techniques/mts-166-maia-vs-askren-breakdown/	https://vimeo.com/371838711	21
MTS 165 100 Percent Revisited	https://www.10thplanetjj.com/techniques/mts-164-100-percent-revisited/	https://vimeo.com/367670216	17
MTS 164 Lockdown / Lockdrag	https://www.10thplanetjj.com/techniques/mts-164-lockdown-lockdrag/	https://vimeo.com/363383377	19
MTS 163 Lockdown From The Top	https://www.10thplanetjj.com/techniques/mts-163-lockdown-from-the-top/	https://vimeo.com/357952024	16
MTS 162 X Break Meets Vaporizer	https://www.10thplanetjj.com/techniques/mts-162-x-break-meets-vaporizer/	https://vimeo.com/353890478	18
MTS 161 New Lockdown Path	https://www.10thplanetjj.com/techniques/mts-161-new-lockdown-path/	https://vimeo.com/349834935	14
MTS 160 Perfect Dog Fight	https://www.10thplanetjj.com/techniques/mts-160-perfect-dog-fight/	https://vimeo.com/345875778	20
MTS 159 Mexican Dead Orchard	https://www.10thplanetjj.com/techniques/mts-159-mexican-dead-orchard/	https://vimeo.com/343342070	20
MTS 158 Rubber Guard Ultra Stomp	https://www.10thplanetjj.com/techniques/mts-158-rubber-guard-ultra-stomp/	https://vimeo.com/339035811	20
MTS 157 ADV 1/4 Guard Combos	https://www.10thplanetjj.com/techniques/mts-157-adv-1-4-guard-combos/	https://vimeo.com/333879455	14
MTS 156 Rubber Guard: The Pyramid	https://www.10thplanetjj.com/techniques/mts-156-rubber-guard-the-pyramid/	https://vimeo.com/329691425	22
MTS 155 ADV Truck Banana Split	https://www.10thplanetjj.com/techniques/mts-155-adv-truck-banana-split/	https://vimeo.com/325798470	20
MTS 154 ADV Lockdown Details	https://www.10thplanetjj.com/techniques/mts-154-adv-lockdown-details/	https://vimeo.com/320324725	26
MTS 153 Monkey Mount Options	https://www.10thplanetjj.com/techniques/mts-153-monkey-mount-options/	https://vimeo.com/315424826	19
MTS 152 OMA Plata Options	https://www.10thplanetjj.com/techniques/mts-152-oma-plata-options/	https://vimeo.com/312232416	18
MTS 151 Rubber Guard Back Up Plan	https://www.10thplanetjj.com/techniques/mts-151-rubberguard-back-up-plan/	https://vimeo.com/308461699	24
MTS 150 Advanced Techs With Marvin Castelle	https://www.10thplanetjj.com/techniques/mts-150-advanced-techs-with-marvin-castelle/	https://vimeo.com/305810464	18
MTS 149 Twister Side Philosophy	https://www.10thplanetjj.com/techniques/mts-149-twister-side-philosophy/	https://vimeo.com/300954991	18
MTS 148 Advanced Guard Clinch Combos	https://www.10thplanetjj.com/techniques/mts-148-advanced-guard-clinch-combos/	https://vimeo.com/296955567	18
MTS 147 Polishing the Meat Hook	https://www.10thplanetjj.com/techniques/mts-147-polishing-the-meat-hook/	https://vimeo.com/293186036	22
MTS 146 ADV Prison Guard Electric Homie	https://www.10thplanetjj.com/techniques/mts-146-adv-prison-guard-electric-homie/	https://vimeo.com/289577155	16
MTS 145 Quintet 2 Behind The Scenes	https://www.10thplanetjj.com/techniques/mts-145-quintet-2-behind-the-scenes/	https://vimeo.com/286271081	13
MTS 144 Rubber Guard Master Jeremiah Vance	https://www.10thplanetjj.com/techniques/mts-144-rubber-guard-master-jeremiah-vance/	https://vimeo.com/282540235	32
MTS 143 Advanced Inversions with Marvin Castelle	https://www.10thplanetjj.com/techniques/mts-143-advanced-inversions-with-marvin-castelle/	https://vimeo.com/279568228	26
MTS 142 Dogfight To Homie Control	https://www.10thplanetjj.com/techniques/mts-142-dogfight-to-homie-control/	https://vimeo.com/276117339	22
MTS 141 Baseball Bat Fury	https://www.10thplanetjj.com/techniques/mts-141-baseball-bat-fury/	https://vimeo.com/272875470	22
MTS 140 Gogo Launch	https://www.10thplanetjj.com/techniques/mts-140-gogo-launch/	https://vimeo.com/268892313	26
MTS 139 Advanced Rubber Guard: The Pump	https://www.10thplanetjj.com/techniques/mts-139-advanced-rubber-guard-the-pump/	https://vimeo.com/265629286	19
MTS 138 3 Ways To Clear The Neck	https://www.10thplanetjj.com/techniques/mts-138-3-ways-to-clear-the-neck/	https://vimeo.com/262267127	19
MTS 137 Back Control To Spider Web	https://www.10thplanetjj.com/techniques/mts-137-back-control-to-spider-web/	https://vimeo.com/258904236	17
MTS 136 Return Of The Flying Kung Fu	https://www.10thplanetjj.com/techniques/mts-136-return-of-the-flying-kung-fu/	https://vimeo.com/255693484	26
MTS 135 Jiu Jitsu For CJJ	https://www.10thplanetjj.com/techniques/mts-135-jiu-jitsu-for-cjj/	https://vimeo.com/252433611	34
MTS 134 Invisible Collar in Austin	https://www.10thplanetjj.com/techniques/mts-134-invisible-collar-in-austin/	https://vimeo.com/249632574	24
MTS 133 Polishing The Isosceles Triangle	https://www.10thplanetjj.com/techniques/mts-133-polishing-the-isosceles-triangle/	https://vimeo.com/247498331	30
MTS 132 Heel Hook From The Lockdown	https://www.10thplanetjj.com/techniques/mts-132-heel-hook-from-the-lockdown/	https://vimeo.com/244222969	29
MTS 131 The Truck In Big Bear	https://www.10thplanetjj.com/techniques/mts-131-the-truck-in-big-bear/	https://vimeo.com/241095364	28
MTS 130 High Level Lockdown	https://www.10thplanetjj.com/techniques/mts-130-high-level-lockdown/	https://vimeo.com/237769643	26
MTS 129: Polishing The Twister Pass	https://www.10thplanetjj.com/techniques/mts-129-polishing-the-twister-pass/	https://vimeo.com/234798111	28
MTS 128: Advanced Back Escapes	https://www.10thplanetjj.com/techniques/mts-128-advanced-back-escapes/	https://vimeo.com/231799544	27
MTS 127: The Slow Vape	https://www.10thplanetjj.com/techniques/mts-127-the-slow-vape/	https://vimeo.com/228923745	21
MTS 126: Breaking Down F & G	https://www.10thplanetjj.com/techniques/mts-126-breaking-down-f-g/	https://vimeo.com/226268758	24
MTS 125: D & H Update	https://www.10thplanetjj.com/techniques/mts-125-d-h-update/	https://vimeo.com/223652680	36
MTS 124: How U Gonna Capture?	https://www.10thplanetjj.com/techniques/mts-124-how-u-gonna-capture/	https://vimeo.com/220367540	18
MTS 123: Valley of the Truck	https://www.10thplanetjj.com/techniques/mts-123-valley-of-the-truck/	https://vimeo.com/217949344	40
MTS 122: The Power of The Underhook	https://www.10thplanetjj.com/techniques/mts-122-the-power-of-the-underhook/	https://vimeo.com/215097544	37
MTS 121: Warmups F 2017	https://www.10thplanetjj.com/techniques/mts-121-warmups-f-2017/	https://vimeo.com/211760519	29
MTS 120: “2 Ton Truck”	https://www.10thplanetjj.com/techniques/mts-120-2-ton-truck/	https://vimeo.com/208347494	38
MTS 119: Next Level Twister	https://www.10thplanetjj.com/techniques/mts-119-next-level-twister/	https://vimeo.com/205999187	24
MTS 118: 2 Things in Mexico	https://www.10thplanetjj.com/techniques/mts-118-2-things-in-mexico/	https://vimeo.com/201803686	27
MTS 117: DeSev Revisited	https://www.10thplanetjj.com/techniques/mts-117-desev-revisited/	https://vimeo.com/198642743	25
MTS 116: Rubber Guard – The Standup Battle	https://www.10thplanetjj.com/techniques/mts-116-rubber-guard-the-standup-battle/	https://vimeo.com/196615248	22
MTS 115: The New C4	https://www.10thplanetjj.com/techniques/mts-115-the-new-c4/	https://vimeo.com/194306890	26
MTS 114: Tentacle	https://www.10thplanetjj.com/techniques/mts-114-tentacle/	https://vimeo.com/190942203	28
MTS 113: Camp Cucuy	https://www.10thplanetjj.com/techniques/mts-113-big-bear/	https://vimeo.com/187922372	23
MTS 112: The Ditch	https://www.10thplanetjj.com/techniques/mts-112-the-ditch/	https://vimeo.com/184622030	16
MTS 111: Shuck, Squeeze, Jump, Cliff	https://www.10thplanetjj.com/techniques/mts-111-shuck-squeeze-jump-cliff/	https://vimeo.com/181879057	24
MTS 110: Anti-Leg Lock Game Part 2	https://www.10thplanetjj.com/techniques/mts-110-anti-leg-lock-game-part-2/	https://vimeo.com/179240722	17
MTS 109: UNDER JACK CITY	https://www.10thplanetjj.com/techniques/mts-109-under-jack-city/	https://vimeo.com/176234623	19
MTS 108: Lock Up Your Legs Part 2	https://www.10thplanetjj.com/techniques/mts-108-lock-up-your-legs-part-2/	https://vimeo.com/173232445	20
MTS 107: Lock Up Your Legs Part 1	https://www.10thplanetjj.com/techniques/mts-107-lock-up-your-legs-part-1/	https://vimeo.com/170397111	23
MTS 106: Trust Your PDUs	https://www.10thplanetjj.com/techniques/mts-106-trust-your-pdus/	https://vimeo.com/167971904	23
MTS 105: Top Lock Clinch	https://www.10thplanetjj.com/techniques/mts-105-top-lock/	https://vimeo.com/165176303	22
MTS 104: Mini-Stomp 1, 2, 3	https://www.10thplanetjj.com/techniques/mts-104-mini-stomp-1-2-3/	https://vimeo.com/162625414	25
MTS 103: Anti-Leg Lock Game	https://www.10thplanetjj.com/techniques/mts-103-anti-leg-lock-game/	https://vimeo.com/160380212	19
MTS 102: Rubber Side	https://www.10thplanetjj.com/techniques/mts-102-rubber-side/	https://vimeo.com/157078752	20
MTS 101: COP Clinch Revisited	https://www.10thplanetjj.com/techniques/mts-101-cop-clinch-revisited/	https://vimeo.com/154773465	16
MTS 100: 10 x 10	https://www.10thplanetjj.com/techniques/mts-100-10-x-10/	https://vimeo.com/152249389	31
MTS 99: Twister Side Control	https://www.10thplanetjj.com/techniques/mts-99-twister-side-control/	https://vimeo.com/149952465	20
MTS 98: Cummings Honey Flow	https://www.10thplanetjj.com/techniques/mts-98-cummings-honey-flow/	https://vimeo.com/147616678	19
MTS 97: Plan B	https://www.10thplanetjj.com/techniques/mts-97-plan-b/	https://vimeo.com/144949012	21
MTS 96: Pre-Web	https://www.10thplanetjj.com/techniques/mts-96-pre-web/	https://vimeo.com/142708237	36
MTS 95: Prison Guard Revisited	https://www.10thplanetjj.com/techniques/mts-95-prison-guard-revisited/	https://vimeo.com/140241803	28
MTS 94: Polishing The Japanese Neck Tie	https://www.10thplanetjj.com/techniques/mts-94-polishing-the-japanese-neck-tie/	https://vimeo.com/138367322	17
MTS 93: Reverse Alcatraz	https://www.10thplanetjj.com/techniques/mts-93-reverse-alcatraz/	https://vimeo.com/136322048	16
MTS 92 – Live Drills 1	https://www.10thplanetjj.com/techniques/mts-92-live-drills-1/	https://vimeo.com/134464856	22
MTS 91: 2-on-1 C.O.P. Clinch	https://www.10thplanetjj.com/techniques/mts-91-2-on-1-c-o-p-clinch/	https://vimeo.com/132481278	18
MTS 90: X Guard to DOA	https://www.10thplanetjj.com/techniques/mts-90-x-guard-to-doa/	https://vimeo.com/130369562	26
MTS 89: 1/4 Ashi	https://www.10thplanetjj.com/techniques/mts-89-14-ashi/	https://vimeo.com/128754368	33
MTS 88: Leg Locks	https://www.10thplanetjj.com/techniques/mts-88-leg-locks/	https://vimeo.com/129142599	21
MTS 87: Studying Tape 4	https://www.10thplanetjj.com/techniques/mts-87-studying-tape-4/	https://vimeo.com/129142601	27
MTS 86: Dan Severn	https://www.10thplanetjj.com/techniques/mts-86-dan-severn/	https://vimeo.com/129142602	26
MTS 85: Killa B Part 3	https://www.10thplanetjj.com/techniques/mts-85-killa-b-part-3/	https://vimeo.com/129142600	19
MTS 84: D Day	https://www.10thplanetjj.com/techniques/mts-84-d-day/	https://vimeo.com/129146289	21
MTS 83: Killa B Part 2	https://www.10thplanetjj.com/techniques/mts-83-killa-b-part-2/	https://vimeo.com/129146291	36
MTS 82: Electric Orchard	https://www.10thplanetjj.com/techniques/mts-82-electric-orchard/	https://vimeo.com/129146293	29
MTS 81: Killa B	https://www.10thplanetjj.com/techniques/mts-81-killa-b/	https://vimeo.com/129146295	31
MTS 80: Z-SHOOT-PULL	https://www.10thplanetjj.com/techniques/mts-80-z-shoot-pull/	https://vimeo.com/129146296	24
MTS 79: Brokeback Mount	https://www.10thplanetjj.com/techniques/mts-79-brokeback-mount/	https://vimeo.com/129150181	24
MTS 78: Death From Below	https://www.10thplanetjj.com/techniques/mts-78-death-from-below/	https://vimeo.com/129150182	34
MTS 77: Gogo Clinch	https://www.10thplanetjj.com/techniques/mts-77-gogo-clinch/	https://vimeo.com/129150184	21
MTS 76: Isosceles Triangle	https://www.10thplanetjj.com/techniques/mts-76-isosceles-triangle/	https://vimeo.com/129150185	15
MTS 75: Butt Clinch	https://www.10thplanetjj.com/techniques/mts-75-butt-clinch/	https://vimeo.com/129150186	18
MTS 74: Slow Samurai	https://www.10thplanetjj.com/techniques/mts-74-slow-samurai/	https://vimeo.com/136761517	17
MTS 73: New Final 3	https://www.10thplanetjj.com/techniques/mts-73-final-3/	https://vimeo.com/129152886	22
MTS 72: The Mystery Pass	https://www.10thplanetjj.com/techniques/mts-72-mystery-pass/	https://vimeo.com/129152887	28
MTS 71: Bravo Breakdown	https://www.10thplanetjj.com/techniques/mts-71-bravo-breakdown/	https://vimeo.com/129152888	30
MTS 70: Polishing Warm Ups B	https://www.10thplanetjj.com/techniques/mts-70-polishing-warm-ups/	https://vimeo.com/129152889	19
MTS 69: Polishing Warm Ups E	https://www.10thplanetjj.com/techniques/mts-69-polishing-warm-ups/	https://vimeo.com/129156658	12
MTS 68: Polishing Warm Ups F	https://www.10thplanetjj.com/techniques/mts-68-polishing-warm-ups/	https://vimeo.com/129156659	5
MTS 67: Polishing Warm Ups G	https://www.10thplanetjj.com/techniques/mts-67-polishing-warm-ups/	https://vimeo.com/129156660	8
MTS 66: Polishing Warm Ups H	https://www.10thplanetjj.com/techniques/mts-66-polishing-warm-ups/	https://vimeo.com/129156661	9
MTS 65: Polishing Warm Ups D	https://www.10thplanetjj.com/techniques/mts-65-polishing-warm-ups/	https://vimeo.com/129156664	18
MTS 64: The Back Of The Truck	https://www.10thplanetjj.com/techniques/mts-64-truck/	https://vimeo.com/129159881	17
MTS 63: Escape From Side Control	https://www.10thplanetjj.com/techniques/mts-63-escape-side-control/	https://vimeo.com/129162536	22
MTS 62: Studying Tape 3	https://www.10thplanetjj.com/techniques/mts-62-studying-tape-3/	https://vimeo.com/129162537	13
MTS 61: UK Part 6	https://www.10thplanetjj.com/techniques/mts-61-uk-part-6/	https://vimeo.com/129162539	17
MTS 60: UK PART 5	https://www.10thplanetjj.com/techniques/mts-60-uk-part-5/	https://vimeo.com/129159887	13
MTS 59: Muddy Waters Revisited	https://www.10thplanetjj.com/techniques/mts-59-muddy-waters-revisited/	https://vimeo.com/129165042	14
MTS 58: 10 Years	https://www.10thplanetjj.com/techniques/mts-58-10-years/	https://vimeo.com/129165043	15
MTS 57: UK PART 4	https://www.10thplanetjj.com/techniques/mts-57-uk-part-4/	https://vimeo.com/129165045	16
MTS 56: UK Part 3	https://www.10thplanetjj.com/techniques/mts-56-uk-part-3/	https://vimeo.com/129165046	16
MTS 55: UK Part 2	https://www.10thplanetjj.com/techniques/mts-55-uk-part-2/	https://vimeo.com/129165047	12
MTS 54: UK Part 1	https://www.10thplanetjj.com/techniques/mts-54-uk-part-1/	https://vimeo.com/129167428	14
MTS 53: THE SLEEPING DRAGON	https://www.10thplanetjj.com/techniques/mts-53-sleeping-dragon/	https://vimeo.com/129167432	12
MTS 52: Gracie National 2013	https://www.10thplanetjj.com/techniques/mts-52-gracie-national-2013/	https://vimeo.com/129167433	13
MTS 51: End Of The World	https://www.10thplanetjj.com/techniques/mts-51-world/	https://vimeo.com/129167434	11
MTS 50: Studying Tape 2	https://www.10thplanetjj.com/techniques/mts-50-studying-tape-2/	https://vimeo.com/129167437	29
MTS 49: Sub Only Rules	https://www.10thplanetjj.com/techniques/mts-49-rules/	https://vimeo.com/129169620	40
MTS 48: The Red Destroyer	https://www.10thplanetjj.com/techniques/mts-48-red-destroyer/	https://vimeo.com/129169621	28
MTS 47: Black Mamba	https://www.10thplanetjj.com/techniques/mts-47-black-mamba/	https://vimeo.com/129169622	21
MTS 46:  The Bridge	https://www.10thplanetjj.com/techniques/mts-46-bridge/	https://vimeo.com/129170743	33
MTS 45: Single Day	https://www.10thplanetjj.com/techniques/mts-45-single-day/	https://vimeo.com/129170745	25
MTS 44: Freak Show	https://www.10thplanetjj.com/techniques/mts-44-freak-show/	https://vimeo.com/129170746	25
MTS 43: Studying Tape	https://www.10thplanetjj.com/techniques/mts-43-studying-tape/	https://vimeo.com/129170747	42
MTS 42: Hub & Tug	https://www.10thplanetjj.com/techniques/mts-42-hub-tug/	https://vimeo.com/129170748	23
MTS 41: Rutten Tootin’	https://www.10thplanetjj.com/techniques/mts-41-rutten-tootin/	https://vimeo.com/129172742	34
MTS 40: Renarco	https://www.10thplanetjj.com/techniques/mts-40-renarco/	https://vimeo.com/129172744	25
MTS 39: Leg Locks Up Ur Ass	https://www.10thplanetjj.com/techniques/mts-39-leg-locks-ur-ass/	https://vimeo.com/129172746	34
MTS 38: Enter the Draco	https://www.10thplanetjj.com/techniques/mts-38-enter-draco/	https://vimeo.com/129172747	37
MTS 37:  Planet X	https://www.10thplanetjj.com/techniques/mts-37-planet-x/	https://vimeo.com/129172748	24
MTS 36: Dead Zones	https://www.10thplanetjj.com/techniques/mts-36-dead-zones/	https://vimeo.com/129174457	23
MTS 35: 300	https://www.10thplanetjj.com/techniques/mts-35-300/	https://vimeo.com/129174458	15
MTS 34: Rubber Guard 101	https://www.10thplanetjj.com/techniques/mts-34-rubber-guard-101/	https://vimeo.com/129174459	25
MTS 33: OG Grape Juice	https://www.10thplanetjj.com/techniques/mts-33-og-grape-juice/	https://vimeo.com/129174460	23
MTS 32: Filmes de Porrada	https://www.10thplanetjj.com/techniques/mts-32-filmes-de-porrada/	https://vimeo.com/129174461	27
MTS 31: Doggy Style	https://www.10thplanetjj.com/techniques/mts-31-doggy-style/	https://vimeo.com/129190963	10
MTS 30: Black Belts Don’t Cry	https://www.10thplanetjj.com/techniques/mts-30-black-belts-cry/	https://vimeo.com/129190961	18
MTS 29: Return Of The Death Knuckle	https://www.10thplanetjj.com/techniques/bravo-and-co/	https://vimeo.com/129191542	13
MTS 28: 94%	https://www.10thplanetjj.com/techniques/mts-28-94-percent/	https://vimeo.com/129191544	10
MTS 27: Yuma Ma So Fat	https://www.10thplanetjj.com/techniques/mts-27-eddie-visits-burbank/	https://vimeo.com/129191545	13
MTS 26: Fruits And Vegetables	https://www.10thplanetjj.com/techniques/mts-26-fruits-vegetables/	https://vimeo.com/129191547	12
MTS 25: You Know How 10 Cruise	https://www.10thplanetjj.com/techniques/mts-25-10-cruise/	https://vimeo.com/129191551	15
MTS 24: Cheick Yo Self	https://www.10thplanetjj.com/techniques/mts-24-cheick-yo/	https://vimeo.com/129192609	51
MTS 23: Brent Goes Black	https://www.10thplanetjj.com/techniques/brent-black/	https://vimeo.com/129192610	22
MTS 22: 7 Days A Week	https://www.10thplanetjj.com/techniques/mts-22-7-days-week/	https://vimeo.com/129192611	26
MTS 21: You Know How 10 Do	https://www.10thplanetjj.com/techniques/mts-21-10/	https://vimeo.com/129192612	27
MTS 20: Barbed Penis	https://www.10thplanetjj.com/techniques/mts-20-barbed-penis/	https://vimeo.com/129192614	29
MTS 19: Hedge Hedge Winey	https://www.10thplanetjj.com/techniques/mts-19-hedge-hedge-winey/	https://vimeo.com/129195315	31
MTS 18: Orochon Challenge	https://www.10thplanetjj.com/techniques/mts-18-orochon-challenge/	https://vimeo.com/129195316	27
MTS 17: Put Another Shrimp on Renato	https://www.10thplanetjj.com/techniques/mts-17-put-shrimp-renato/	https://vimeo.com/129195321	49
MTS 16: Wrath of Renato	https://www.10thplanetjj.com/techniques/mts-16-wrath-renato/	https://vimeo.com/129195318	32
MTS 15: Prison Rules	https://www.10thplanetjj.com/techniques/mts-15-prison-rules/	https://vimeo.com/129195320	27
MTS 14: E=MC Gonna Have to Stab a B!@ch	https://www.10thplanetjj.com/techniques/mts-14-emc-gonna-stab-bch/	https://vimeo.com/129196753	28
MTS 13: Attack of the Renato	https://www.10thplanetjj.com/techniques/mts-13-attack-renato/	https://vimeo.com/129196754	51
MTS 12: Pijamas	https://www.10thplanetjj.com/techniques/mts-12-pijamas/	https://vimeo.com/129196756	32
MTS 11: Enter the Rogan	https://www.10thplanetjj.com/techniques/enter-rogan/	https://vimeo.com/129196757	36
MTS 10: Bright California Nuglets?	https://www.10thplanetjj.com/techniques/bright-california-nuglets/	https://vimeo.com/129196758	22
MTS 9: Fake Clouds in the Sky	https://www.10thplanetjj.com/techniques/fake-clouds-sky/	https://vimeo.com/129198433	10
MTS 8: Jiu-Jitsu That’s It	https://www.10thplanetjj.com/techniques/jiu-jitsu-thats-it/	https://vimeo.com/129198435	23
MTS 7	https://www.10thplanetjj.com/techniques/mts-7/	https://vimeo.com/129198436	5
MTS 6: Bow to Your Sensei	https://www.10thplanetjj.com/techniques/bow-sensei/	https://vimeo.com/129198437	8
MTS 5: Einstein-isode	https://www.10thplanetjj.com/techniques/einstein-isode/	https://vimeo.com/129198438	11
MTS 4: Karate’s Comeback	https://www.10thplanetjj.com/techniques/karates-comeback/	https://vimeo.com/129275002	18
MTS 3: Can’t we all just get along?	https://www.10thplanetjj.com/techniques/along/	https://vimeo.com/129275003	10
MTS 2: Great Big White World	https://www.10thplanetjj.com/techniques/studio-sessions-great-big-white-world/	https://vimeo.com/129275004	20
MTS 1: Purple to Black	https://www.10thplanetjj.com/techniques/purple-to-black/	https://vimeo.com/129275006	17
